date,hospital_admission,alltest_performed,hospital_cases,all_positive_case,NHS111_call,stringency_index,stay_home_requirements,facial_coverings,apple_driving,apple_transit,apple_walking,vaccine_dose1,vaccine_dose2,vaccine_dose3
20-04-2020,1734,22763,19331,4676,8616,79.63,2,0,39.99,17.27,44.92,0,0,0
21-04-2020,1713,22763,19139,4301,7072,79.63,2,0,41.19,17.05,45.61,0,0,0
22-04-2020,1530,23073,18533,4451,6915,79.63,2,0,42.03,17.04,46.54,0,0,0
23-04-2020,1514,28024,17867,4583,6698,79.63,2,0,42.36,16.97,46.36,0,0,0
24-04-2020,1525,28225,17063,5386,6677,79.63,2,0,45.69,16.63,49.85,0,0,0
25-04-2020,1253,29058,16604,4913,7058,79.63,2,0,39.03,16.37,49.52,0,0,0
26-04-2020,1355,31610,16555,4463,6829,79.63,2,0,34.9,16.96,44.12,0,0,0
27-04-2020,1539,31453,16662,4310,7641,79.63,2,0,41.8,17.53,41.46,0,0,0
28-04-2020,1519,45263,15877,3996,7024,79.63,2,1,41.61,16.65,35.33,0,0,0
29-04-2020,1488,65643,15521,4076,7111,79.63,2,1,42.53,16.79,37.8,0,0,0
30-04-2020,1443,83143,15164,6032,7146,79.63,2,1,43.52,16.48,37.29,0,0,0
01-05-2020,1263,74142,14723,6201,6556,79.63,2,1,47.82,17.21,44.94,0,0,0
02-05-2020,1181,63559,14380,4806,7168,79.63,2,1,42.57,17.21,50.01,0,0,0
03-05-2020,1188,68203,14188,4339,7003,79.63,2,1,36.61,17.71,39.99,0,0,0
04-05-2020,1249,72630,14097,3985,7637,79.63,2,1,44.71,19.24,43.61,0,0,0
05-05-2020,1146,66919,13723,4406,6300,79.63,2,1,46.94,19.2,45.92,0,0,0
06-05-2020,1206,74455,13148,6111,5648,79.63,2,1,48.33,19.38,49.36,0,0,0
07-05-2020,1166,77466,12626,5614,5634,79.63,2,1,49.14,19.43,50.31,0,0,0
08-05-2020,910,76963,12053,4649,5464,79.63,2,1,44.14,19.1,53.26,0,0,0
09-05-2020,944,77152,12015,3896,5747,79.63,2,1,43.57,19.91,55.61,0,0,0
10-05-2020,916,76507,11727,3923,5520,79.63,2,1,38.3,19.04,38.68,0,0,0
11-05-2020,1029,70332,11967,3877,6551,77.78,2,1,38.3,19.04,38.68,0,0,0
12-05-2020,983,74593,11591,3403,5575,77.78,2,1,38.3,19.04,38.68,0,0,0
13-05-2020,967,83182,11342,3242,5337,71.3,1,1,55.21,21.85,50.92,0,0,0
14-05-2020,909,84693,10921,3446,4797,71.3,1,1,57.51,21.52,53.86,0,0,0
15-05-2020,871,91342,10691,3560,4719,71.3,1,1,62.85,22.2,60.28,0,0,0
16-05-2020,814,91360,10238,3451,5022,71.3,1,1,59.52,21.64,62.16,0,0,0
17-05-2020,793,81278,10199,3562,4785,71.3,1,1,54.31,22.73,54.38,0,0,0
18-05-2020,850,70074,10231,2684,5802,71.3,1,1,60.76,25.09,56.37,0,0,0
19-05-2020,881,86041,10013,2412,5032,71.3,1,1,64.52,25.44,61.57,0,0,0
20-05-2020,851,86634,9563,2472,3732,71.3,1,1,68.48,26.88,65.86,0,0,0
21-05-2020,843,105655,9293,2615,2679,71.3,1,1,67.05,25.97,61.35,0,0,0
22-05-2020,740,91196,9184,3287,2061,71.3,1,1,71.91,25.87,64.7,0,0,0
23-05-2020,643,91841,8814,2959,2323,71.3,1,1,65.31,24.61,60.98,0,0,0
24-05-2020,587,59464,8814,2409,2395,71.3,1,1,59.17,25.52,58.47,0,0,0
25-05-2020,604,78385,8836,1625,2496,71.3,1,1,69.35,29.77,69.28,0,0,0
26-05-2020,698,77745,8732,2004,1883,71.3,1,1,73.43,30.33,67,0,0,0
27-05-2020,713,82670,8220,2013,1746,71.3,1,1,74.99,29.7,68.43,0,0,0
28-05-2020,703,101753,7907,1887,1718,71.3,1,1,77.58,30.32,70.61,0,0,0
29-05-2020,615,105459,7586,2095,1651,69.44,1,1,83.43,31.12,77.09,0,0,0
30-05-2020,568,96995,7268,2445,1968,69.44,1,1,79.24,31.64,79.38,0,0,0
31-05-2020,529,82243,7238,1936,1910,69.44,1,1,73.45,31.95,66.24,0,0,0
01-06-2020,604,70648,7248,1570,1964,67.59,1,1,77.91,33.84,69.95,0,0,0
02-06-2020,668,92299,7087,1613,1786,67.59,1,1,79.82,33.54,70.56,0,0,0
03-06-2020,634,101885,6815,1871,2105,67.59,1,1,72.16,31.41,58.01,0,0,0
04-06-2020,566,99484,6580,1805,2041,67.59,1,1,73.02,29.98,59.11,0,0,0
05-06-2020,475,101961,6379,1650,1793,67.59,1,1,78.13,30.51,64.24,0,0,0
06-06-2020,408,93154,6149,1557,2311,67.59,1,1,72.35,30.1,61.49,0,0,0
07-06-2020,407,86926,5944,1326,2202,67.59,1,1,66.08,30.64,54.76,0,0,0
08-06-2020,413,69999,5931,1205,2025,73.15,1,1,73.62,32.26,62,0,0,0
09-06-2020,496,93959,5736,1387,1867,73.15,1,1,76.72,32.9,65.8,0,0,0
10-06-2020,512,101033,5475,1003,1965,73.15,1,1,74.03,31.49,57.2,0,0,0
11-06-2020,446,101778,5179,1266,1895,73.15,1,1,75.36,31.4,59.37,0,0,0
12-06-2020,394,98899,5090,1541,1928,73.15,1,1,81.78,33.75,66.2,0,0,0
13-06-2020,387,98974,4941,1425,2160,73.15,1,1,84.32,35.18,79.69,0,0,0
14-06-2020,364,69529,4908,1514,2242,73.15,1,1,75.49,34.78,63.66,0,0,0
15-06-2020,443,71402,4870,1056,2345,71.3,1,1,80.84,37.08,69.58,0,0,0
16-06-2020,456,80862,4863,1279,2155,71.3,1,1,81.23,36.49,68.1,0,0,0
17-06-2020,433,86438,4719,1115,2183,71.3,1,1,80.92,35.39,64.65,0,0,0
18-06-2020,406,89613,4560,1218,1838,71.3,1,1,81.1,35.97,61.86,0,0,0
19-06-2020,337,90547,4414,1346,1366,71.3,1,1,89.97,37.94,73.23,0,0,0
20-06-2020,257,83467,4252,1295,1716,71.3,1,1,91.97,39.39,84.9,0,0,0
21-06-2020,289,60484,4222,1221,1510,71.3,1,1,76.13,35.59,58.25,0,0,0
22-06-2020,395,63026,4281,958,1581,71.3,1,2,88.42,42.35,74.96,0,0,0
23-06-2020,363,73646,4134,874,1421,71.3,1,2,92.99,44.85,78.65,0,0,0
24-06-2020,370,91135,4030,653,1318,71.3,1,2,100.55,47.31,83.82,0,0,0
25-06-2020,325,108124,3850,1118,1278,71.3,1,2,101.93,47.93,84.24,0,0,0
26-06-2020,339,105971,3620,1006,1235,71.3,1,2,100.28,45.78,82.56,0,0,0
27-06-2020,287,100631,3544,890,1804,71.3,1,2,91.02,42.14,73.77,0,0,0
28-06-2020,210,83157,3557,901,1657,71.3,1,2,83.75,41.11,61.46,0,0,0
29-06-2020,221,75662,3748,815,1740,71.3,1,2,88.41,44.37,68.47,0,0,0
30-06-2020,296,112164,3383,689,1559,71.3,1,2,91.88,43.94,72.47,0,0,0
01-07-2020,269,123348,3198,829,1356,71.3,1,2,92.64,44.5,74.43,0,0,0
02-07-2020,217,136186,3079,576,1287,71.3,1,2,93.06,43.87,73.98,0,0,0
03-07-2020,214,139218,2942,544,1244,71.3,1,2,100.53,46.38,80.16,0,0,0
04-07-2020,203,114274,2802,624,1577,69.91,1,2,97.45,48.22,90.49,0,0,0
05-07-2020,197,92774,2741,516,1401,69.91,1,2,90.18,47.47,72.61,0,0,0
06-07-2020,205,77469,2699,343,1311,64.35,1,2,99.58,51.56,84.18,0,0,0
07-07-2020,215,106977,2598,581,1312,64.35,1,2,99.55,50.95,81.68,0,0,0
08-07-2020,209,127389,2454,630,1423,64.35,1,2,98.92,49.83,80.36,0,0,0
09-07-2020,215,137861,2345,642,1205,64.35,1,2,100.81,50.8,82.2,0,0,0
10-07-2020,175,134030,2244,512,1178,64.35,1,2,115.85,54.97,99.1,0,0,0
11-07-2020,178,126549,2119,820,1412,64.35,1,2,110.8,55.67,108.62,0,0,0
12-07-2020,114,94700,2101,650,1284,64.35,1,2,102.67,52.89,83.1,0,0,0
13-07-2020,189,85880,2113,530,1560,64.35,1,2,104.03,55.77,86.94,0,0,0
14-07-2020,188,118186,1993,398,1364,64.35,1,2,105.41,56.01,90,0,0,0
15-07-2020,166,137828,1974,538,1339,64.35,1,2,107.6,56.81,91.28,0,0,0
16-07-2020,168,150975,1829,642,1359,64.35,1,2,110.53,57.43,95.06,0,0,0
17-07-2020,144,164440,1804,687,1366,64.35,1,2,124.73,63.47,109.77,0,0,0
18-07-2020,105,135779,1776,827,1660,64.35,1,2,116.82,62.16,115.68,0,0,0
19-07-2020,126,114222,1742,726,1403,64.35,1,2,107.58,55.47,83.32,0,0,0
20-07-2020,131,92518,1734,557,1504,64.35,1,2,116.3,61.85,97.35,0,0,0
21-07-2020,127,132626,1634,445,1312,64.35,1,2,115.56,61.77,100.26,0,0,0
22-07-2020,158,137234,1747,560,1327,64.35,1,2,117.52,62.06,100.02,0,0,0
23-07-2020,202,141117,1538,769,1184,64.35,1,2,117.69,61.92,98.58,0,0,0
24-07-2020,158,147292,1453,768,1114,64.35,1,2,131.36,65.17,112.59,0,0,0
25-07-2020,119,139062,1401,767,1505,64.35,1,2,117.8,61.85,109.77,0,0,0
26-07-2020,109,111801,1383,745,1290,64.35,1,2,109.42,59.2,86.04,0,0,0
27-07-2020,132,89565,1370,685,1356,64.35,1,2,115.66,62.84,90.66,0,0,0
28-07-2020,119,147818,1369,581,1111,64.35,1,2,119.55,64.67,102.17,0,0,0
29-07-2020,133,157439,1350,763,1144,64.35,1,2,122.65,66.17,106.74,0,0,0
30-07-2020,133,170027,1314,846,1021,64.35,1,2,127.98,67.46,108.47,0,0,0
31-07-2020,115,164748,1266,880,1001,64.35,1,2,144.44,70.66,121.49,0,0,0
01-08-2020,127,146011,1290,761,1282,69.91,1,2,126.56,67.46,126.9,0,0,0
02-08-2020,95,145568,1254,744,1290,69.91,1,2,116.57,63.82,94.31,0,0,0
03-08-2020,109,144999,1251,898,1360,69.91,1,2,125.08,68.46,108.17,0,0,0
04-08-2020,130,150265,1216,670,1334,69.91,1,2,123.05,68.36,108.71,0,0,0
05-08-2020,142,161111,1200,892,1296,69.91,1,2,125.79,70.42,112.35,0,0,0
06-08-2020,102,174833,1155,950,1300,69.91,1,2,129.05,70.74,111.61,0,0,0
07-08-2020,116,173213,1094,871,1134,69.91,1,2,144.54,73.56,121.97,0,0,0
08-08-2020,141,160651,1027,758,1423,69.91,1,2,131.09,71.23,131.72,0,0,0
09-08-2020,108,162990,983,1062,1334,69.91,1,2,120.1,66.36,95.56,0,0,0
10-08-2020,89,152498,1087,740,1522,69.91,1,2,130.47,72.81,111.93,0,0,0
11-08-2020,115,157558,1039,1148,1497,69.91,1,2,126.58,71,113.78,0,0,0
12-08-2020,103,176489,1004,1009,1618,69.91,1,2,125.43,69.71,110.64,0,0,0
13-08-2020,130,163470,1008,1129,1496,66.2,1,2,125.42,70.8,104.49,0,0,0
14-08-2020,104,170441,995,1441,1524,66.2,1,2,140.28,72.51,116.68,0,0,0
15-08-2020,99,180197,974,1077,1799,66.2,1,2,126.58,70.12,127.19,0,0,0
16-08-2020,81,168144,979,1040,1776,66.2,1,2,112.6,65.03,89.67,0,0,0
17-08-2020,99,146264,982,713,1935,66.2,1,3,126.32,74.05,110.5,0,0,0
18-08-2020,132,157194,953,1089,1686,66.2,1,3,126.56,75.04,116.2,0,0,0
19-08-2020,117,181358,924,812,1702,66.2,1,3,126.68,73.52,109.25,0,0,0
20-08-2020,98,174250,909,1182,1559,66.2,1,3,131.61,75.47,117.71,0,0,0
21-08-2020,109,181878,888,1033,1481,66.2,1,3,139.06,76.5,120.6,0,0,0
22-08-2020,73,177279,943,1288,1751,66.2,1,3,130.72,76.4,136.32,0,0,0
23-08-2020,74,165455,870,1160,1739,66.2,1,3,117.46,70.03,97.53,0,0,0
24-08-2020,93,147940,876,853,1947,66.2,1,3,129.41,77.89,119.23,0,0,0
25-08-2020,122,179602,844,1184,1650,66.2,1,3,125.32,77.8,113.39,0,0,0
26-08-2020,132,206143,829,1048,1592,66.2,1,3,132.78,81.51,127.51,0,0,0
27-08-2020,154,194522,840,1522,1668,66.2,1,3,133.24,75,111.92,0,0,0
28-08-2020,137,188974,818,1276,1565,66.2,1,3,150.88,80,130.3,0,0,0
29-08-2020,110,180033,833,1108,1960,66.2,1,3,134.39,79.46,148.11,0,0,0
30-08-2020,77,181038,831,1715,2001,66.2,1,3,119.18,73.74,122.88,0,0,0
31-08-2020,90,180368,854,1406,2468,66.2,1,3,129.58,82.19,117.88,0,0,0
01-09-2020,135,171339,861,1295,2327,64.35,1,3,126.58,83.04,120.67,0,0,0
02-09-2020,147,196734,803,1508,2352,64.35,1,3,124.63,84.06,115.01,0,0,0
03-09-2020,147,198603,817,1735,2359,64.35,1,3,124.9,83.22,116.66,0,0,0
04-09-2020,155,202893,818,1940,2195,64.35,1,3,138.93,84.98,131.91,0,0,0
05-09-2020,131,189054,812,1813,2687,64.35,1,3,131.93,83.33,149.83,0,0,0
06-09-2020,139,192892,817,2988,3350,64.35,1,3,118.77,80.47,107.33,0,0,0
07-09-2020,148,201965,902,2948,4672,64.35,1,3,120.91,85.29,114.13,0,0,0
08-09-2020,187,202809,894,2460,4842,64.35,1,3,120.99,85.14,118.03,0,0,0
09-09-2020,204,220626,924,2659,4719,64.35,1,3,120.9,82.51,117.64,0,0,0
10-09-2020,220,233125,944,2919,5278,64.35,1,3,121.56,81.66,117.11,0,0,0
11-09-2020,232,241650,770,3539,4948,64.35,1,3,134.71,84.86,131.58,0,0,0
12-09-2020,219,228748,812,3497,5335,64.35,1,3,131.95,86.6,156.6,0,0,0
13-09-2020,226,225380,843,3330,6812,64.35,1,3,123.57,82.2,117.75,0,0,0
14-09-2020,258,216526,982,2621,7840,65.74,1,3,123.4,86.46,124.29,0,0,0
15-09-2020,272,236827,1066,3105,6355,65.74,1,3,122.99,85.8,125.21,0,0,0
16-09-2020,286,242273,1106,3991,5901,65.74,1,3,122.7,86.24,123.67,0,0,0
17-09-2020,266,240202,1162,3395,5086,65.74,1,3,124.89,87.3,127.03,0,0,0
18-09-2020,263,266308,1221,4322,4472,65.74,1,3,137.63,89.5,142.49,0,0,0
19-09-2020,261,250954,1300,4422,4740,65.74,1,3,132.69,90.59,166.86,0,0,0
20-09-2020,290,234786,1398,3899,5405,65.74,1,3,119.83,84.82,123.53,0,0,0
21-09-2020,373,206782,1558,4368,6167,65.74,1,3,114.45,85.13,123.88,0,0,0
22-09-2020,352,234815,1636,4926,5475,65.74,1,3,111.82,83.45,121.89,0,0,0
23-09-2020,425,259221,1730,6178,5182,65.74,1,3,111.07,81.3,113.21,0,0,0
24-09-2020,425,262109,1846,6634,4397,67.59,1,3,110.93,78.43,111.08,0,0,0
25-09-2020,382,288701,2020,6874,3560,67.59,1,3,127.38,84.86,130.86,0,0,0
26-09-2020,351,255488,2033,6042,3715,67.59,1,3,119.8,83.15,150.04,0,0,0
27-09-2020,344,263526,2188,5693,3965,67.59,1,3,106.02,76.86,107.59,0,0,0
28-09-2020,445,227038,2399,4044,4848,67.59,1,3,107.19,79.8,111.36,0,0,0
29-09-2020,442,232212,2420,7143,4156,67.59,1,3,105.87,79.16,113.04,0,0,0
30-09-2020,452,255915,2530,7108,4144,67.59,1,3,106.51,79.2,106.39,0,0,0
01-10-2020,529,264979,2592,6914,3595,67.59,1,3,105.96,77.34,110.81,0,0,0
02-10-2020,529,269820,2723,6968,3506,67.59,1,3,116.48,80.15,117.11,0,0,0
03-10-2020,533,286802,2867,12872,3720,67.59,1,3,108.69,80.59,130.82,0,0,0
04-10-2020,634,250348,3056,22961,3840,67.59,1,3,95.62,73.62,90.73,0,0,0
05-10-2020,630,273100,3370,12594,4861,67.59,1,3,102.03,76.61,101.19,0,0,0
06-10-2020,725,261336,3642,14542,4265,67.59,1,3,102.48,75.99,102.53,0,0,0
07-10-2020,694,254579,3893,14162,3894,67.59,1,3,105.51,80.21,109.73,0,0,0
08-10-2020,715,285015,4085,17540,3944,67.59,1,3,104.86,77.59,105.38,0,0,0
09-10-2020,709,296559,4170,13864,3241,67.59,1,3,115.63,81.98,118.69,0,0,0
10-10-2020,724,279606,4358,15166,3270,67.59,1,3,111.1,84.47,137.81,0,0,0
11-10-2020,824,258955,4670,12872,3673,67.59,1,3,100.07,76.61,101.15,0,0,0
12-10-2020,889,219074,4959,13972,4490,60.19,1,3,99.43,72.35,92.25,0,0,0
13-10-2020,1031,264713,5293,17234,4114,60.19,1,3,100.25,73.25,95.93,0,0,0
14-10-2020,989,295690,5598,19724,3654,60.19,1,3,101.81,74.48,101.68,0,0,0
15-10-2020,1047,304315,5933,18980,3540,60.19,1,3,102.94,73.27,101.55,0,0,0
16-10-2020,925,312178,6296,15650,3028,60.19,1,3,113.21,80.01,118.41,0,0,0
17-10-2020,1032,308416,6545,16171,3580,60.19,1,3,104.69,75.89,125.28,0,0,0
18-10-2020,1091,306893,6829,16982,3534,60.19,1,3,94.9,70.86,92.31,0,0,0
19-10-2020,1108,260338,7334,18804,4585,65.74,1,3,98.74,71.03,94.84,0,0,0
20-10-2020,1194,279996,7852,21331,4027,65.74,1,3,99.81,71.3,98.34,0,0,0
21-10-2020,1264,310331,8132,26688,3847,65.74,1,3,99.96,71.08,94.98,0,0,0
22-10-2020,1285,340137,8311,21242,3542,67.59,1,3,101.97,71.87,101.1,0,0,0
23-10-2020,1299,346682,8886,20530,3074,75,2,3,113.2,76.99,114.18,0,0,0
24-10-2020,1262,317896,9262,23012,3388,75,2,3,101.99,73.69,115.59,0,0,0
25-10-2020,1427,321114,9786,19790,3487,75,2,3,94.43,72.08,93.29,0,0,0
26-10-2020,1542,261861,10108,20890,3726,75,2,3,106.9,74.9,105.3,0,0,0
27-10-2020,1500,280997,10938,22885,3559,75,2,3,106.4,74.03,101.84,0,0,0
28-10-2020,1494,308810,11434,24701,3355,75,2,3,108.79,74.94,108.3,0,0,0
29-10-2020,1592,347632,11583,23065,3361,75,2,3,107.7,74.13,104.88,0,0,0
30-10-2020,1387,305207,11788,24405,3261,75,2,3,120.75,81.04,125.96,0,0,0
31-10-2020,1462,292573,12310,21915,3435,75,2,3,99.62,74.42,120.35,0,0,0
01-11-2020,1498,270473,12230,23254,3737,75,2,3,83.96,66.63,80.02,0,0,0
02-11-2020,1575,207831,13105,18950,4215,75,2,3,95.29,71.43,93.87,0,0,0
03-11-2020,1528,265136,13749,20018,3649,75,2,3,99.43,73.72,101.53,0,0,0
04-11-2020,1690,301288,13817,25177,3561,75,2,3,104.08,75.3,111.23,0,0,0
05-11-2020,1592,344159,13796,24141,3641,75,2,3,75.25,46.02,70.82,0,0,0
06-11-2020,1418,355032,13958,23287,3580,72.22,1,3,79.4,45.49,79,0,0,0
07-11-2020,1560,329430,14314,24957,3754,72.22,1,3,70.65,42.94,84.09,0,0,0
08-11-2020,1693,283397,14546,20572,3826,72.22,1,3,59.53,43.81,61.13,0,0,0
09-11-2020,1768,243245,15141,21350,4729,66.67,1,3,76.41,50.52,74.62,0,0,0
10-11-2020,1856,304843,14964,20412,3975,64.81,1,3,78.02,49.97,77.85,0,0,0
11-11-2020,1973,377608,15666,22950,3826,64.81,1,3,78.47,49.82,76.26,0,0,0
12-11-2020,1917,379955,15879,33470,3592,64.81,1,3,78.51,49.23,77.65,0,0,0
13-11-2020,1651,382110,16236,27301,3376,64.81,1,3,85.11,49.75,85.25,0,0,0
14-11-2020,1616,343784,16299,26860,3749,64.81,1,3,73.11,44.11,77.6,0,0,0
15-11-2020,1675,283866,16864,24962,3735,64.81,1,3,62.15,45.09,59.11,0,0,0
16-11-2020,1772,234189,17313,21363,4474,64.81,1,3,76.69,50.13,72.37,0,0,0
17-11-2020,1719,283358,17439,20051,3899,64.81,1,3,77.91,49.79,76.02,0,0,0
18-11-2020,1788,364490,17486,19609,3803,64.81,1,3,79.28,49.86,75.34,0,0,0
19-11-2020,1687,395436,17459,22915,3126,64.81,1,3,79,47.99,75.18,0,0,0
20-11-2020,1553,391667,17184,20252,3019,67.59,1,3,86.09,49.46,82.47,0,0,0
21-11-2020,1461,369040,17063,19875,3328,67.59,1,3,76.46,48.01,85.35,0,0,0
22-11-2020,1492,279041,17264,18662,3048,67.59,1,3,65.89,47.34,67.35,0,0,0
23-11-2020,1589,212533,17681,15450,3598,67.59,1,3,77.44,51.54,73.68,0,0,0
24-11-2020,1499,311763,17424,11299,3089,67.59,1,3,78.76,50.98,76.27,0,0,0
25-11-2020,1614,356026,17132,18213,3079,67.59,1,3,79.83,49.69,77.5,0,0,0
26-11-2020,1426,383521,16762,17555,2735,67.59,1,3,80.88,50.18,78.19,0,0,0
27-11-2020,1280,333917,16571,16022,2506,67.59,1,3,87.85,51.05,87.08,0,0,0
28-11-2020,1221,311126,15985,15871,3018,67.59,1,3,79.13,49.85,88.49,0,0,0
29-11-2020,1389,219899,16313,12155,3062,67.59,1,3,65.82,47.62,64.89,0,0,0
30-11-2020,1408,214835,16565,12330,3322,67.59,1,3,80.09,53.31,75.54,0,0,0
01-12-2020,1494,312003,16312,13430,2738,67.59,1,3,81.52,54.95,80.13,0,0,0
02-12-2020,1486,352990,15977,16170,2796,67.59,1,3,87,60.8,87.67,0,0,0
03-12-2020,1502,389476,15658,14879,2859,63.89,0,3,91,63.32,86.73,0,0,0
04-12-2020,1432,380886,15727,16298,2670,63.89,0,3,102.92,70.31,104.3,0,0,0
05-12-2020,1378,354799,15688,15539,3049,63.89,0,3,95.28,72.42,116.98,0,0,0
06-12-2020,1471,272787,15960,17272,3235,63.89,0,3,78.06,62.66,77.6,0,0,0
07-12-2020,1663,215981,16415,14718,3634,63.89,0,3,88.36,64.34,85.39,0,0,0
08-12-2020,1785,294966,16477,12282,3182,67.59,1,3,90.34,64.13,87.92,0,0,0
09-12-2020,1757,369586,16331,16578,3227,67.59,1,3,91.15,64.99,90.95,0,0,0
10-12-2020,1754,400646,16723,20964,3123,67.59,1,3,92.68,65.34,91.8,0,0,0
11-12-2020,1690,391531,16885,21672,3115,67.59,1,3,103.53,73.31,109.4,0,0,0
12-12-2020,1799,358491,16909,21502,3578,67.59,1,3,96.79,74.05,120.11,0,0,0
13-12-2020,1754,312273,17538,18447,3607,67.59,1,3,75.61,61.68,71.32,0,0,0
14-12-2020,1957,275772,18246,20263,4001,73.15,1,3,91.02,66.85,89.1,0,0,0
15-12-2020,1958,304360,18216,18450,3769,73.15,1,3,94.63,68.69,98.02,0,0,0
16-12-2020,2084,364388,18671,25161,3774,73.15,1,3,91.03,57.78,84.84,0,0,0
17-12-2020,2145,375185,18970,35383,3671,73.15,1,3,93.39,58.69,90.62,0,0,0
18-12-2020,1922,390130,19117,28507,3745,73.15,1,3,101.83,60.42,99.82,0,0,0
19-12-2020,2044,440584,19463,27052,4451,76.85,2,3,90.6,53.43,95.56,0,0,0
20-12-2020,2170,433470,20004,35928,4344,76.85,2,3,68.77,42.91,62.8,0,0,0
21-12-2020,2372,423675,21133,33364,4529,76.85,2,3,83.81,44.84,77.6,0,0,0
22-12-2020,2482,453903,21488,36804,4271,76.85,2,3,85.01,41.83,81.56,0,0,0
23-12-2020,2280,509507,21222,39237,4348,76.85,2,3,86.51,40.57,79.2,0,0,0
24-12-2020,2082,463123,21577,39877,3280,79.63,2,3,66.52,32.1,63.37,0,0,0
25-12-2020,2181,339024,20918,32725,3289,75.46,2,3,26.27,16.39,23.99,0,0,0
26-12-2020,2531,269876,21730,35691,6010,79.63,2,3,41.66,31.11,38.51,0,0,0
27-12-2020,2871,352702,22764,30501,6061,79.63,2,3,53.33,35.62,50.36,0,0,0
28-12-2020,3134,357238,24049,41385,7098,79.63,2,3,57.63,38.43,53.48,0,0,0
29-12-2020,3252,344775,25549,53135,5481,79.63,2,3,65.3,39.8,66.76,0,0,0
30-12-2020,3294,420492,26551,50023,5381,79.63,2,3,68.14,38.93,70.01,0,0,0
31-12-2020,2921,482473,26577,55892,4852,79.63,2,3,64.18,34.14,68.56,0,0,0
01-01-2021,3369,422804,26389,53285,6319,79.63,2,3,42.69,28.21,40.04,0,0,0
02-01-2021,3442,411523,27561,57725,6772,79.63,2,3,58.69,36.03,60.3,0,0,0
03-01-2021,3649,428770,29033,54990,6775,79.63,2,3,55,38.64,50.57,0,0,0
04-01-2021,3937,464611,30775,58784,6371,79.63,2,3,63.46,40.12,60.64,0,0,0
05-01-2021,4120,498624,30686,60916,5673,87.96,2,3,62.73,36.85,61.19,0,0,0
06-01-2021,4392,557441,31946,62322,5730,87.96,2,3,62.92,35.82,62.73,0,0,0
07-01-2021,4296,619941,32583,52618,5459,87.96,2,3,63.32,35.26,62.58,0,0,0
08-01-2021,3999,680215,33778,68053,5552,87.96,2,3,68.97,35.6,68.56,0,0,0
09-01-2021,4130,567302,34032,59937,6402,87.96,2,3,61.53,33.81,71.83,0,0,0
10-01-2021,3937,485874,35391,54940,6280,87.96,2,3,51.09,34.16,51.86,0,0,0
11-01-2021,4310,536947,36751,46169,6218,87.96,2,3,64.59,36.91,63.24,145076,20768,0
12-01-2021,4583,584760,36981,45533,5431,87.96,2,3,65.25,36.35,65.39,207661,16065,0
13-01-2021,4224,628556,37487,47525,5120,87.96,2,3,64.55,35.92,61.62,278943,9745,0
14-01-2021,4105,695148,37692,48682,4698,87.96,2,3,65.58,35.56,61.84,316694,5257,0
15-01-2021,3686,596727,38133,55761,4580,87.96,2,3,70.89,36.14,71.12,341317,4208,0
16-01-2021,3941,491137,37715,41346,5485,87.96,2,3,61.36,33.91,68.76,296131,2620,0
17-01-2021,3750,417329,38169,38598,5286,87.96,2,3,53.28,35.62,58.42,190107,2239,0
18-01-2021,4066,556689,39254,37535,5499,87.96,2,3,66.08,38.5,65.35,204076,4565,0
19-01-2021,4161,579194,38846,33355,4832,87.96,2,3,66.97,37.94,64.29,343163,3759,0
20-01-2021,4051,640856,38739,38905,5064,87.96,2,3,68.36,37.34,61.68,363508,3411,0
21-01-2021,3636,665330,38059,37892,4614,87.96,2,3,69.02,37.35,65.81,409855,2760,0
22-01-2021,3395,629416,38258,40261,4697,87.96,2,3,75.72,38.42,76.46,478248,1821,0
23-01-2021,3117,484485,37398,33552,5109,87.96,2,3,66.33,36.62,75.6,491970,1043,0
24-01-2021,3113,412204,37730,30004,4684,87.96,2,3,49.93,35.44,51.5,220249,818,0
25-01-2021,2931,542893,37756,22195,4368,87.96,2,3,65.78,39.46,65.06,279757,1968,0
26-01-2021,3153,596845,37101,20089,3843,87.96,2,3,67.95,37.89,63.2,311060,1710,0
27-01-2021,3060,771710,35513,25308,3807,87.96,2,3,69.3,38.44,66.5,312378,2329,0
28-01-2021,3045,753031,34909,28680,3757,87.96,2,3,71.01,38.82,67.16,414419,1769,0
29-01-2021,2687,662675,33847,29079,3612,87.96,2,3,78.35,39.27,76.3,487756,2178,0
30-01-2021,2471,439006,33015,23275,3996,87.96,2,3,68.31,36.21,69.25,598389,10621,0
31-01-2021,2409,574012,32586,21088,3738,87.96,2,3,57.12,37.18,56.35,319038,3156,0
01-02-2021,2602,643204,32960,18607,3633,87.96,2,3,70.03,40.28,68.42,350348,2587,0
02-02-2021,2484,606382,31766,16840,3303,87.96,2,3,69.38,39.04,66.89,374756,2166,0
03-02-2021,2360,801949,30604,19202,3211,87.96,2,3,71.12,39.47,68.72,469016,2995,0
04-02-2021,2142,783851,29413,20634,2837,87.96,2,3,71.99,39.26,67.92,480560,4036,0
05-02-2021,2006,671585,28383,19114,2683,87.96,2,3,79.5,40.98,79.77,494163,4064,0
06-02-2021,1894,454008,26914,18262,3254,87.96,2,3,70.42,38.77,76.42,549808,1662,0
07-02-2021,1853,584933,26800,15845,2993,87.96,2,3,54.23,36.49,50.38,278988,862,0
08-02-2021,1921,616718,26744,14104,2721,87.96,2,3,65.65,39.81,62.89,352480,3811,0
09-02-2021,1755,579266,25689,12364,2308,87.96,2,3,66.65,39.18,64.25,411812,3161,0
10-02-2021,1726,763311,24417,13013,2419,87.96,2,3,69.59,40.34,67.36,450810,4894,0
11-02-2021,1681,730223,23411,13494,2229,87.96,2,3,71.17,39.29,67.07,503116,5647,0
12-02-2021,1510,626243,22324,15144,2192,87.96,2,3,80.34,40.98,76.04,544603,4775,0
13-02-2021,1428,403600,20970,13308,2708,87.96,2,3,74.21,39.24,76.36,505362,2846,0
14-02-2021,1536,401786,21054,10972,2439,87.96,2,3,61.89,37.66,59.69,237962,1915,0
15-02-2021,1507,457144,20994,9765,2535,87.96,2,3,74.48,44.02,72.51,275956,6535,0
16-02-2021,1495,488578,20215,10625,2423,87.96,2,3,75.95,43.63,72.29,364865,12412,0
17-02-2021,1413,578844,19449,12718,2342,87.96,2,3,77.34,45.17,74.38,482110,15147,0
18-02-2021,1339,560400,18522,12057,2329,87.96,2,3,77.14,45.16,74.58,452454,15867,0
19-02-2021,1274,521230,17860,12027,2226,87.96,2,3,83.93,47.01,81.32,371906,15294,0
20-02-2021,1095,408118,17042,10406,2733,87.96,2,3,75.26,45.89,85.34,334679,10263,0
21-02-2021,1158,590591,16857,9834,2597,87.96,2,3,62.86,44.86,66.42,141719,9177,0
22-02-2021,1121,670560,16855,10641,2520,86.11,2,3,75.17,48.76,74.1,192341,18463,0
23-02-2021,1121,594629,16115,8489,1972,86.11,2,3,77.39,48.63,74.88,326692,26317,0
24-02-2021,1022,740717,15534,9938,1515,86.11,2,3,78.82,49.57,77.02,448962,31613,0
25-02-2021,969,731410,14849,9985,1537,86.11,2,3,80.77,49.45,78.32,485720,35319,0
26-02-2021,864,604745,14077,8523,1671,86.11,2,3,92.58,52.15,93.89,504493,32773,0
27-02-2021,742,383946,13269,7434,2077,86.11,2,3,85.73,52.1,102.05,407503,27322,0
28-02-2021,770,526679,12788,6035,1842,86.11,2,3,70.6,48.08,74.72,185900,19684,0
01-03-2021,824,727972,12894,5455,2033,86.11,2,3,79.41,51.77,79.24,203168,28282,0
02-03-2021,835,675543,12139,6391,1659,86.11,2,3,79.92,50.79,78.93,224996,51314,0
03-03-2021,713,863658,11523,6385,1532,86.11,2,3,79.95,50.34,75.43,278956,68450,0
04-03-2021,705,992812,10933,6573,1506,86.11,2,3,80.01,49.33,75.48,376244,70206,0
05-03-2021,601,953671,10312,5947,1470,86.11,2,3,89.04,52.27,87.12,437463,56772,0
06-03-2021,639,452750,9711,6040,2071,86.11,2,3,82.7,51.29,92.52,416834,31562,0
07-03-2021,536,805744,9459,5177,1807,86.11,2,3,68.71,50.68,69.88,164143,20241,0
08-03-2021,577,1529525,9474,4712,1707,82.41,2,3,79.88,53.8,78.01,215273,38788,0
09-03-2021,579,1374579,9009,5766,1492,82.41,2,3,81.88,54.55,82.01,217301,72922,0
10-03-2021,567,1554080,8436,5926,1583,82.41,2,3,81.75,52.31,71.31,243887,97162,0
11-03-2021,550,1614145,8066,6753,1531,82.41,2,3,82.71,52.02,74.67,260809,93563,0
12-03-2021,483,1402203,7728,6609,1527,82.41,2,3,82.71,52.02,74.67,369578,87676,0
13-03-2021,463,437958,7384,5534,2085,80.56,2,3,85.82,51.67,89.55,512108,52155,0
14-03-2021,429,965127,7316,4618,1948,80.56,2,3,70.06,48.89,67.17,257010,25371,0
15-03-2021,503,1573774,7208,5089,1894,78.7,2,3,81.32,55.66,77.75,386685,53366,0
16-03-2021,441,1319784,6847,5294,1684,78.7,2,3,84.49,55.09,80.02,433320,95799,0
17-03-2021,446,1635141,6585,5758,1561,78.7,2,3,85.3,55.13,81.36,462246,119609,0
18-03-2021,451,1437257,6150,6303,1575,78.7,2,3,84.75,53.52,78.79,528260,132016,0
19-03-2021,381,933234,5880,4802,1528,78.7,2,3,93.41,56.5,91.23,614930,125725,0
20-03-2021,364,473050,5567,5587,2076,78.7,2,3,86.56,55.74,96.6,752308,91977,0
21-03-2021,358,1893830,5448,5312,2031,78.7,2,3,72.25,53,72.28,367006,52612,0
22-03-2021,362,1191048,5431,5342,1888,78.7,2,3,83.8,57.7,81.85,329897,82300,0
23-03-2021,368,839954,5150,5379,1803,78.7,2,3,86.4,58.2,82.12,325650,169155,0
24-03-2021,349,1813842,4880,5605,1859,78.7,2,3,87.59,57.64,83.06,337665,242642,0
25-03-2021,340,1275285,4583,6397,1688,78.7,2,3,87.83,56.4,81.22,324942,234382,0
26-03-2021,299,722814,4485,6187,1674,78.7,2,3,97.51,58.07,88.18,411305,283654,0
27-03-2021,273,471328,4436,4715,2235,70.37,2,3,92.03,61.53,98.61,424301,238861,0
28-03-2021,272,1641942,4185,3862,2120,70.37,2,3,75.44,57.3,67.4,293548,147594,0
29-03-2021,251,972317,4197,4654,1979,70.37,2,3,93.51,65.74,91.51,236809,168230,0
30-03-2021,257,695477,3976,4040,1465,70.37,2,3,101.68,72.94,105.24,225917,277682,0
31-03-2021,269,1266685,3742,4052,1616,70.37,2,3,100.72,68.97,98.06,239434,387574,0
01-04-2021,234,953206,3557,4479,1575,70.37,2,3,101.68,66.97,95.01,170818,445416,0
02-04-2021,238,555613,3376,3402,2350,70.37,2,3,96.04,66.58,97.03,107420,246631,0
03-04-2021,223,405634,3244,3423,2561,70.37,2,3,92.18,62.09,94.23,107886,178913,0
04-04-2021,197,813693,3229,2297,2249,70.37,2,3,73.31,57.61,72.25,48055,47708,0
05-04-2021,239,741323,3255,2762,2498,70.37,2,3,85.63,64.44,73.92,40744,64590,0
06-04-2021,226,631846,3143,2379,1839,70.37,2,3,97.19,68.93,89.02,85227,186793,0
07-04-2021,235,1034088,3019,2763,1759,70.37,2,3,100.34,69.24,91.01,99530,408396,0
08-04-2021,209,931579,2872,3030,1599,70.37,2,3,100.27,67.75,90.76,96242,449269,0
09-04-2021,205,676307,2793,3150,1563,70.37,2,3,105.85,67.62,96.44,106878,450136,0
10-04-2021,189,482153,2651,2589,2046,70.37,2,3,96.51,64.44,90.36,111109,475230,0
11-04-2021,205,1218037,2550,1730,1833,70.37,2,3,91.32,71.44,79.75,69223,189665,0
12-04-2021,209,874399,2493,3568,1632,61.11,0,3,108,83.98,111.75,59905,201191,0
13-04-2021,182,679109,2409,2472,1383,61.11,0,3,106.98,80.93,110.73,76123,312685,0
14-04-2021,198,1162840,2295,2491,1427,61.11,0,3,108.63,80.5,111.64,117835,343783,0
15-04-2021,163,988311,2195,2672,1247,61.11,0,3,110.75,81.11,110.93,129782,417683,0
16-04-2021,159,681887,2140,2596,1256,61.11,0,3,120.71,86.04,124.26,135557,499664,0
17-04-2021,159,492826,2035,2206,1688,61.11,0,3,112.64,87.31,134.55,139445,499635,0
18-04-2021,142,1673788,1983,1882,1677,61.11,0,3,101.15,79.71,96.23,83225,221193,0
19-04-2021,178,1041368,2007,2963,1570,61.11,0,3,102.79,80.82,102.81,99672,273751,0
20-04-2021,138,730210,1926,2524,1396,61.11,0,3,104.93,84.08,106.34,107622,350027,0
21-04-2021,172,1371393,1893,2396,1384,61.11,0,3,105.57,80.4,103,117909,416784,0
22-04-2021,121,1111876,1791,2729,1299,61.11,0,3,107.69,80.89,107.88,130986,431070,0
23-04-2021,155,722997,1749,2678,1196,61.11,0,3,119.84,88.24,123.88,135786,465015,0
24-04-2021,129,502663,1673,2061,1798,61.11,0,3,118.48,90.57,140.15,148767,547636,0
25-04-2021,138,1477709,1626,1712,1786,61.11,0,3,103.59,79.83,96.85,79695,260801,0
26-04-2021,135,1034181,1649,2064,1629,61.11,0,3,104.58,80.72,99.93,90695,304688,0
27-04-2021,169,730262,1572,2685,1446,61.11,0,3,106.18,81.58,100.83,116328,379265,0
28-04-2021,114,1360719,1515,2166,1498,61.11,0,3,106.77,79.37,98.77,134140,462885,0
29-04-2021,102,1072576,1464,2445,1318,61.11,0,3,109.13,80.64,103.12,122568,491567,0
30-04-2021,110,667686,1366,2381,1285,61.11,0,3,126.69,89.15,122.81,145589,421785,0
01-05-2021,101,485640,1287,1907,1950,61.11,0,3,119.62,93.8,138.68,143175,372304,0
02-05-2021,120,832918,1285,1671,2035,61.11,0,3,101.54,81.51,107.9,89924,172891,0
03-05-2021,124,1069724,1303,1649,2145,59.72,0,3,104.26,82.54,86.33,72600,127499,0
04-05-2021,103,860368,1295,1946,1609,59.72,0,3,106.81,82.24,99.3,127170,257486,0
05-05-2021,122,1214689,1239,2144,1534,59.72,0,3,109.21,82.33,103.74,139097,404226,0
06-05-2021,123,1067566,1159,2613,1379,59.72,0,3,109.54,82.05,110.55,135470,473001,0
07-05-2021,105,708935,1157,2490,1468,59.72,0,3,117.96,87.17,118.91,133001,465822,0
08-05-2021,109,490546,1137,2047,2218,59.72,0,3,108.88,86.63,113.59,169027,438837,0
09-05-2021,104,1322338,1118,1770,2130,59.72,0,3,103.34,85.31,98.07,100626,187171,0
10-05-2021,104,955467,1129,2357,1805,59.72,0,3,106.4,84.52,100.22,115053,231835,0
11-05-2021,116,711104,1106,2474,1557,59.72,0,3,108.47,85.73,104.15,135113,350147,0
12-05-2021,119,1184941,1068,2284,1462,59.72,0,3,109.49,85.63,106.5,184210,452437,0
13-05-2021,108,982881,1001,2657,1433,59.72,0,3,109.78,83.01,102.98,209284,428041,0
14-05-2021,93,674608,976,2193,1527,59.72,0,3,120.36,91.19,119.99,220068,393402,0
15-05-2021,91,460202,966,2027,2140,59.72,0,3,115.85,94.23,130.64,237331,391246,0
16-05-2021,80,1086443,941,1926,2122,59.72,0,3,103.51,84.86,91.5,131318,183745,0
17-05-2021,104,967126,943,1979,1792,62.5,0,3,112.04,91.99,108.82,106733,259049,0
18-05-2021,128,732012,898,2412,1404,62.5,0,3,114.49,93.06,114.88,174100,324001,0
19-05-2021,128,1180660,918,2696,1356,62.5,0,3,114.37,93.3,118.6,264858,369018,0
20-05-2021,134,982099,912,2874,1351,62.5,0,3,116.4,94.34,113.72,268251,420312,0
21-05-2021,124,715414,922,2829,1302,62.5,0,3,142.04,106.04,135.42,219657,426683,0
22-05-2021,120,499089,887,2694,1921,62.5,0,3,126.25,109.73,167.87,205410,556951,0
23-05-2021,116,1165801,924,2235,1853,62.5,0,3,111.03,96.48,105.92,126357,252139,0
24-05-2021,139,946830,960,2439,1439,62.5,0,3,114.68,95.25,110.55,122379,332955,0
25-05-2021,135,741912,921,2493,1276,62.5,0,3,116.59,97.72,117.07,186147,387987,0
26-05-2021,133,1132061,895,3180,1216,62.5,0,3,119.21,100.16,123.95,236119,427458,0
27-05-2021,128,959007,872,3542,1038,62.5,0,3,124.57,103.23,132.39,256517,434096,0
28-05-2021,141,679217,886,4182,1104,62.5,0,3,161.05,119.88,161.3,204442,435951,0
29-05-2021,104,488274,887,3398,1922,62.5,0,3,149.33,130.22,198.28,183526,418848,0
30-05-2021,113,625777,907,3240,1886,62.5,0,3,132.42,115.86,165.51,124887,206322,0
31-05-2021,127,602019,929,3383,2092,62.5,0,3,144.52,121.15,153,93103,195546,0
01-06-2021,155,664849,930,3165,1430,62.5,0,3,144.6,120.32,161.35,108507,338565,0
02-06-2021,131,854697,961,4330,1310,62.5,0,3,143.96,120.15,159.13,172763,349019,0
03-06-2021,131,806272,938,5274,1327,62.5,0,3,144.09,117.42,158.4,191266,377641,0
04-06-2021,124,670715,965,6238,1318,62.5,0,3,167.78,121.82,164.05,179924,388031,0
05-06-2021,127,488842,938,5765,1970,51.39,0,3,142.55,126.44,190.93,203613,473378,0
06-06-2021,155,1242068,964,5341,1980,51.39,0,3,126.99,108.25,126.06,127345,259941,0
07-06-2021,176,928425,1035,5683,1627,51.39,0,3,125.51,109.77,132.25,112941,306068,0
08-06-2021,190,727274,1057,6048,1460,51.39,0,3,125.88,111.74,137.2,136802,313482,0
09-06-2021,194,1085999,1064,7540,1466,51.39,0,3,128.04,113.7,140.26,176559,316258,0
10-06-2021,202,945090,1095,7393,1528,51.39,0,3,128.83,113.95,140.74,201607,308038,0
11-06-2021,179,736654,1077,8125,1444,51.39,0,3,149.39,124.37,161.87,208531,307192,0
12-06-2021,178,533809,1106,7738,1977,51.39,0,3,136.28,127.26,187.24,254185,320326,0
13-06-2021,222,1052222,1141,7490,1696,51.39,0,3,126.44,115.37,132.55,147228,181121,0
14-06-2021,229,930123,1182,7742,1698,51.39,0,3,124.53,111.53,131.06,132627,235928,0
15-06-2021,233,777277,1233,7673,1639,51.39,0,3,127,114.06,137.54,190033,230666,0
16-06-2021,230,1101741,1258,9055,1698,51.39,0,3,126.65,115.02,138.79,195565,234834,0
17-06-2021,243,1034685,1323,11007,2330,51.39,0,3,128.32,111.49,135.46,243978,223260,0
18-06-2021,241,791219,1365,10476,1659,51.39,0,3,148.37,118.79,154.32,223140,205677,0
19-06-2021,215,591871,1350,10321,2344,51.39,0,3,129.7,114.36,168.72,280241,236363,0
20-06-2021,206,1149112,1385,9284,2241,51.39,0,3,116.43,103.28,113.67,163750,109408,0
21-06-2021,231,1019739,1519,10633,1940,51.39,0,3,124.84,108.56,124.36,21080,39325,0
22-06-2021,241,821585,1543,11625,1862,51.39,0,3,123.8,110.77,136.58,299837,250875,0
23-06-2021,278,1150834,1497,16135,1879,51.39,0,3,126.89,112.14,138.87,207647,167988,0
24-06-2021,256,1068088,1518,16703,1824,51.39,0,3,130.28,113.69,140.58,221534,177813,0
25-06-2021,258,850807,1539,15810,1826,51.39,0,3,153.99,122.44,164.19,202497,174770,0
26-06-2021,268,622246,1546,18270,2417,51.39,0,3,139.7,126.42,192.37,234441,199505,0
27-06-2021,270,1216682,1607,14876,2373,51.39,0,3,126.44,111.01,126.44,139712,123555,0
28-06-2021,311,1095973,1745,22868,2252,51.39,0,3,126.69,111.51,131.68,127260,138016,0
29-06-2021,368,881805,1748,20479,2079,51.39,0,3,126.72,111.97,138.81,137991,150688,0
30-06-2021,416,1251696,1827,26068,2137,51.39,0,3,130.87,113.46,140.31,141216,175749,0
01-07-2021,373,1121678,1937,27989,1989,51.39,0,3,133.46,116.23,147.24,152525,193066,0
02-07-2021,393,876646,2014,27125,2055,51.39,0,3,152.39,124.46,167.32,123605,177478,0
03-07-2021,393,659338,2058,24885,2774,51.39,0,3,134.76,127.15,183.93,137389,196209,0
04-07-2021,467,1276593,2178,24248,2704,51.39,0,3,125.36,114.26,125.22,77222,111410,0
05-07-2021,517,1160738,2364,27334,2501,51.39,0,3,129.2,116.55,135.95,76962,147814,0
06-07-2021,574,968588,2486,28773,2372,51.39,0,3,127.26,116.82,136.26,85811,153126,0
07-07-2021,569,1237992,2681,32548,2143,51.39,0,3,126.49,118.03,145.14,86953,171477,0
08-07-2021,611,1114234,2768,32551,2275,51.39,0,3,129.75,115.16,142.36,96430,175467,0
09-07-2021,561,901977,2939,35707,2146,51.39,0,3,150.05,125.24,165.24,90083,178819,0
10-07-2021,551,742910,3036,32367,2775,51.39,0,3,136.79,126.46,182.97,93763,211446,0
11-07-2021,594,1124783,3182,31772,2671,51.39,0,3,118.36,126.37,146.72,42000,107620,0
12-07-2021,733,1075460,3458,34471,2587,51.39,0,3,123.78,113.39,128.23,54296,125360,0
13-07-2021,751,932222,3673,36660,2357,51.39,0,3,129.06,119.89,143.42,59073,158276,0
14-07-2021,756,1210002,3857,42302,2498,51.39,0,3,131.76,120.54,148.18,60374,185661,0
15-07-2021,774,1177716,4038,48553,2647,51.39,0,3,135.49,120.07,149.14,61681,201893,0
16-07-2021,701,975603,4151,51870,2448,51.39,0,3,158.35,130.74,172.11,69491,202314,0
17-07-2021,709,784222,4231,54674,2872,51.39,0,3,147.65,136.57,192.62,67217,225214,0
18-07-2021,799,1041099,4347,48161,2720,51.39,0,3,138.69,122.9,139.79,18186,128878,0
19-07-2021,876,1074493,4651,39950,2503,43.98,0,3,135.14,120.49,147.62,35670,143560,0
20-07-2021,938,885453,4742,46558,2319,43.98,0,3,134.88,121.02,148.15,39035,161279,0
21-07-2021,930,1038954,4930,44104,2261,43.98,0,3,138.35,125.48,154.26,45101,183338,0
22-07-2021,956,1013261,5102,39906,2182,43.98,0,3,143.52,127.34,157.9,44036,188297,0
23-07-2021,866,909423,5312,36389,2121,43.98,0,3,164.43,133.54,180.64,42974,189341,0
24-07-2021,828,757350,5379,31795,2554,43.98,0,3,143.72,129.88,192.94,43805,203886,0
25-07-2021,942,791044,5648,29173,2374,43.98,0,3,134.17,119.42,133.66,24551,117956,0
26-07-2021,937,810459,6004,24950,2156,43.98,0,3,144,123.29,154.31,30019,148936,0
27-07-2021,919,797775,6098,23511,2073,43.98,0,3,139.37,122.63,152.91,35402,151650,0
28-07-2021,852,911012,6107,27734,2085,43.98,0,3,142.57,122.9,152.82,43847,171173,0
29-07-2021,839,863554,5986,31117,1934,43.98,0,3,145.76,125.53,161.96,42353,179918,0
30-07-2021,750,838747,6019,29622,1867,43.98,0,3,170.18,132.56,176.36,36724,171096,0
31-07-2021,676,676527,5958,26144,2421,43.98,0,3,151.52,136.85,203.15,38826,212014,0
01-08-2021,740,670913,5982,24470,2227,43.98,0,3,136.78,121.44,144.08,21232,118044,0
02-08-2021,788,724299,6215,21952,1928,43.98,0,3,144.76,126.35,157.79,26092,126192,0
03-08-2021,764,720252,6006,21691,1915,43.98,0,3,144.33,128.41,164.95,29290,142761,0
04-08-2021,837,845680,5792,29312,1918,43.98,0,3,147.52,132.07,170.23,33334,165669,0
05-08-2021,817,825501,5755,30215,1930,43.98,0,3,147.43,126.64,159.62,35500,172692,0
06-08-2021,783,792407,5753,31808,1859,43.98,0,3,169.27,135.35,179.52,36976,168356,0
07-08-2021,729,661538,5704,28612,2420,43.98,0,3,152.03,134.94,197.06,37990,213583,0
08-08-2021,744,689374,5857,27429,2482,43.98,0,3,137.63,121.21,137.62,22843,122070,0
09-08-2021,758,725764,6018,25161,2186,43.98,0,3,148.03,128.66,156.22,32250,137028,0
10-08-2021,894,748898,6020,23510,1971,43.98,0,3,147.65,137,172.19,37511,151143,0
11-08-2021,850,842591,6005,29612,1910,43.98,0,3,149.97,134.72,170.24,41568,173761,0
12-08-2021,861,813378,5960,33074,1891,43.98,0,3,153.17,134.87,172.11,44384,192559,0
13-08-2021,790,824414,5988,32700,1904,43.98,0,3,174.15,141.55,189.24,40490,171585,0
14-08-2021,790,655809,5885,29520,2432,43.98,0,3,156.49,144.05,213.24,46603,199584,0
15-08-2021,808,674479,6046,26750,2474,43.98,0,3,141.51,129.47,148.5,31257,126383,0
16-08-2021,873,699466,6383,28438,2225,43.98,0,3,149.97,131.23,160.32,35716,138390,0
17-08-2021,972,728313,6407,26852,1949,43.98,0,3,144.65,131.65,166.52,43824,145875,0
18-08-2021,911,808235,6465,33904,1929,43.98,0,3,146.35,133.75,170.54,47284,169223,0
19-08-2021,946,822777,6509,36572,1916,43.98,0,3,151.06,133.73,170.44,55979,175059,0
20-08-2021,871,763706,6521,37314,1861,43.98,0,3,174.92,144.65,191.75,60885,167392,0
21-08-2021,876,647034,6532,32058,2687,43.98,0,3,156.27,147.14,205.51,73006,194881,0
22-08-2021,833,679665,6750,32253,2468,43.98,0,3,140.36,129.53,148.46,40345,116352,0
23-08-2021,970,741817,7020,31914,2205,43.98,0,3,150.53,135.76,167.32,46401,131283,0
24-08-2021,1002,748739,6962,30838,2037,43.98,0,3,149.15,137.88,173.97,55410,130676,0
25-08-2021,1037,923845,6988,35847,1911,43.98,0,3,155.41,140.01,177.99,68076,161705,0
26-08-2021,956,948488,7033,38281,1893,43.98,0,3,156.26,139.03,177.32,55140,144936,0
27-08-2021,943,889605,7087,38046,1886,43.98,0,3,179.57,149.8,198.38,44937,131456,0
28-08-2021,863,720342,6982,32406,2505,43.98,0,3,155.34,150.88,219.38,43271,133688,0
29-08-2021,856,707374,7112,33196,2590,43.98,0,3,133.57,133.87,173.6,24390,79440,0
30-08-2021,1004,672479,7341,26476,3270,43.98,0,3,142.97,134.1,148.63,19643,66648,0
31-08-2021,1004,921219,7679,32181,2230,43.98,0,3,141.51,138.76,160.55,39899,119402,0
01-09-2021,1083,1027203,7683,35693,2146,43.98,0,3,142.3,141.13,166.62,44088,113385,0
02-09-2021,1001,1155929,7623,38154,2039,43.98,0,3,141.91,143.88,167.33,40002,119375,0
03-09-2021,928,1190266,7672,42076,2011,43.98,0,3,160.43,150.3,189.15,35266,110590,0
04-09-2021,954,757917,7557,37578,2796,43.98,0,3,151.89,155.27,216.99,41054,128553,0
05-09-2021,879,1038794,7752,37011,2686,43.98,0,3,137.1,148.63,158.08,21795,73193,0
06-09-2021,1079,1346631,8038,41192,2343,43.98,0,3,138.16,150.52,165.5,22698,80015,0
07-09-2021,1105,1169945,7982,37489,2221,43.98,0,3,142.48,149.81,172.07,26624,85848,0
08-09-2021,1165,1254874,8138,38975,2002,43.98,0,3,141.88,149.86,172.68,25131,87960,0
09-09-2021,1036,1241334,8147,38013,2095,43.98,0,3,141.71,146.52,166.52,25774,96702,0
10-09-2021,923,1066296,8318,37622,2042,41.2,0,3,163.8,159.37,197.76,26064,91811,0
11-09-2021,850,746405,8146,29547,2702,41.2,0,3,155.19,167.33,231.97,27913,98059,0
12-09-2021,865,1079196,8256,29173,2553,41.2,0,3,135.88,146.72,163.13,14955,52615,0
13-09-2021,941,1043118,8479,30825,2337,41.2,0,3,136.81,146.66,163.35,19428,60653,0
14-09-2021,948,882827,8402,26628,2156,41.2,0,3,137.13,144.7,161.27,17645,66725,0
15-09-2021,948,1084585,8408,30597,2034,41.2,0,3,140.76,147.28,174.76,24402,63290,0
16-09-2021,894,1059522,8126,26911,1895,41.2,0,3,141.58,147.65,177.24,23051,63973,0
17-09-2021,754,928670,7919,32651,1945,41.2,0,3,164.15,159.34,205.03,20778,60384,0
18-09-2021,759,713308,7708,30144,2774,41.2,0,3,159.7,169.5,246.22,26198,72497,0
19-09-2021,731,1123798,7759,29612,2694,41.2,0,3,137.29,149.99,167.18,13840,35157,0
20-09-2021,812,984065,7810,36100,2379,41.2,0,3,138.52,155.53,183.2,20150,46342,0
21-09-2021,804,895328,7637,31564,2127,41.2,0,3,139.52,156.37,186.83,20384,43406,0
22-09-2021,754,969173,7430,34460,2170,41.2,0,3,141.57,159.43,190.04,22679,44047,0
23-09-2021,780,1063394,7180,36710,2207,41.2,0,3,141.26,155.93,187.03,25083,44588,0
24-09-2021,731,905141,6929,35623,2083,41.2,0,3,171.8,177.99,226.24,27617,44759,0
25-09-2021,675,786367,6975,32468,3017,41.2,0,3,162.89,197.46,274.82,24296,47118,0
26-09-2021,671,1126440,6836,32417,2905,41.2,0,3,139.29,167.63,181.32,15984,25539,0
27-09-2021,784,1010007,7067,37960,2585,41.2,0,3,137.45,163.76,178.18,24919,33177,0
28-09-2021,780,861209,7050,34526,2340,41.2,0,3,135.05,160.66,174.47,31853,33532,0
29-09-2021,812,1115605,6936,36722,2194,41.2,0,3,136.48,159.55,184.01,31539,34093,0
30-09-2021,709,1040967,6792,36480,2187,41.2,0,3,139.63,160.36,177.85,34372,34459,0
01-10-2021,695,879317,6624,35577,2212,41.2,0,3,153.06,172.56,211.87,38180,34289,153912
02-10-2021,697,735038,6475,30301,3391,41.2,0,3,144.57,173.39,224.03,31066,34391,194461
03-10-2021,718,1022070,6632,30439,3158,41.2,0,3,127.48,158.02,170.91,24123,21532,89518
04-10-2021,811,940981,6823,35077,2879,41.2,0,3,130.79,151.31,163.01,37671,29337,123877
05-10-2021,838,856416,6899,33869,2618,41.2,0,3,131.12,151.21,165.2,41347,28572,156100
06-10-2021,780,1072740,6884,39851,2494,41.2,0,3,134.58,153.74,177.36,32828,28576,162097
07-10-2021,822,962225,6834,40701,2435,41.2,0,3,135.19,153.99,176.56,33029,28656,177629
08-10-2021,787,917769,6812,41765,2434,41.2,0,3,153.1,169.72,209.92,31685,29068,173928
09-10-2021,769,709073,6756,34950,3522,41.2,0,3,150.76,181.4,251.83,31395,33477,250809
10-10-2021,735,968269,6928,34574,3241,41.2,0,3,131.68,152.08,161.41,22106,19451,93476
11-10-2021,848,936288,7082,40224,2983,41.2,0,3,130.98,148.28,161.96,29172,23632,124536
12-10-2021,943,873498,7112,38520,2725,41.2,0,3,132.95,150.14,167.12,36847,26946,163318
13-10-2021,929,1045158,7127,42776,2685,41.2,0,3,133.47,150.53,172.31,38726,29481,192497
14-10-2021,919,980883,7184,45066,2534,41.2,0,3,135.17,151.63,172.33,43489,27991,239017
15-10-2021,956,909449,7197,44932,2460,41.2,0,3,155.33,166.97,203.87,40763,29432,220888
16-10-2021,885,729043,7223,43423,3685,41.2,0,3,148.73,174.73,241.35,28999,33483,306200
17-10-2021,973,980528,7494,45140,3592,41.2,0,3,130.49,151.66,155.93,17837,17265,118032
18-10-2021,1090,911550,7863,49156,3129,46.76,0,3,132.14,148.11,154.1,39672,23579,178205
19-10-2021,1111,877223,8012,43738,2878,46.76,0,3,133.99,149.61,162.58,42902,32767,232075
20-10-2021,1117,1103117,8268,49139,2829,46.76,0,3,136.81,151.78,168.65,49080,26365,257094
21-10-2021,984,1011431,8362,52009,2609,46.76,0,3,137.39,150.56,170.53,48732,26828,289601
22-10-2021,944,912061,8347,49298,2613,46.76,0,3,161.43,170.66,204.15,46250,26170,298685
23-10-2021,914,706080,8340,44985,3706,46.76,0,3,150.8,174.04,236.12,40092,30243,370429
24-10-2021,971,785553,8509,39962,3398,46.76,0,3,132.38,151.34,161.25,25747,18082,170505
25-10-2021,1066,820481,8833,36567,2880,46.76,0,3,145.48,157.48,179.22,37809,21446,244992
26-10-2021,1118,802547,8951,40954,2583,46.76,0,3,145.85,162.04,188.25,41083,23031,264468
27-10-2021,1155,916286,9057,43941,2498,46.76,0,3,149.67,163.84,194.68,44082,21577,289514
28-10-2021,1082,875931,9135,39842,2525,46.76,0,3,153.55,164.83,196.65,44702,23723,297656
29-10-2021,1031,847823,9232,43467,2348,46.76,0,3,174.07,181.05,221.62,40967,22279,285228
30-10-2021,903,678413,9284,41278,3462,46.76,0,3,151.2,186.65,246.83,36052,25401,372414
31-10-2021,1009,950858,9436,38009,3280,46.76,0,3,126.48,153.76,147.28,27402,13449,163949
01-11-2021,1098,905663,9681,40077,2709,46.76,0,3,131.48,146.21,149.26,37695,19214,240943
02-11-2021,1081,868999,9664,33865,2425,46.76,0,3,134.92,149.34,160.84,46663,20922,296670
03-11-2021,983,1020990,9448,41299,2389,46.76,0,3,136.9,151.81,165.57,41242,17965,359834
04-11-2021,879,914955,9303,37269,2355,46.76,0,3,134.41,149.67,164.92,43731,20482,334398
05-11-2021,858,831151,9103,34029,2315,46.76,0,3,153.88,171.38,202.88,43491,22633,322703
06-11-2021,827,649990,8857,30693,3456,46.76,0,3,144.18,176.07,230.67,36748,24500,422882
07-11-2021,885,869016,8877,30305,3285,46.76,0,3,119.91,143.42,143.25,25840,14610,209885
08-11-2021,1012,920068,9028,32322,2682,46.76,0,3,126.21,140.76,144.26,33559,20361,277578
09-11-2021,993,851560,8979,33117,2431,46.76,0,3,129.66,143.45,153.95,39836,21199,340294
10-11-2021,984,1024023,8908,39329,2403,46.76,0,3,136.32,149.78,163.01,119188,47766,532238
11-11-2021,957,980626,8755,42408,2303,46.76,0,3,135.15,151.45,168.79,36383,22485,370989
12-11-2021,891,830535,8663,40375,2342,46.76,0,3,155.24,172.73,201.39,34338,22048,357774
13-11-2021,773,667791,8526,38351,3453,46.76,0,3,147.64,180.06,251.82,33527,24325,461985
14-11-2021,807,918544,8613,36517,3295,46.76,0,3,122.12,142.56,149.42,22938,17048,217349
15-11-2021,837,916832,8771,39705,2771,46.76,0,3,129.11,140.57,150.18,32046,18055,286582
16-11-2021,897,807598,8493,37243,2589,46.76,0,3,131.98,145.6,156.47,31431,19874,347557
17-11-2021,860,1043488,8244,38263,2348,46.76,0,3,134.23,148.48,166.57,33092,22120,384421
18-11-2021,838,993405,8145,46807,2374,46.76,0,3,135.33,151.07,170.35,28880,20650,387057
19-11-2021,770,865460,8093,44242,2333,46.76,0,3,153.91,173.72,210.91,27084,21607,363884
20-11-2021,732,717721,7972,40941,3525,46.76,0,3,149.13,184.73,259.42,26013,24193,463064
21-11-2021,756,1013013,8067,40004,3154,46.76,0,3,123.06,146.96,150.66,16424,13892,237995
22-11-2021,741,979922,8161,44917,2848,46.76,0,3,127.44,140.2,147.49,23258,18517,308166
23-11-2021,779,910710,7946,42484,2472,46.76,0,3,132.24,146.85,159.15,26822,22002,365152
24-11-2021,910,1083684,7698,43676,2532,46.76,0,3,134.97,150.31,168.04,24579,23439,378946
25-11-2021,773,1048739,7688,47240,2363,46.76,0,3,139.06,166.41,173.77,23579,22823,396081
26-11-2021,728,885688,7588,50091,2405,46.76,0,3,162.98,203.24,219.43,20314,23665,366762
27-11-2021,715,727062,7433,39567,3268,46.76,0,3,144.89,180.68,229.27,23808,32866,465111
28-11-2021,710,1019456,7463,37681,3425,46.76,0,3,121.93,145.47,148.66,21493,29445,285335
29-11-2021,801,1014359,7692,42583,2896,46.76,0,3,126.21,138.66,143,22391,26092,318671
30-11-2021,829,1001214,7700,39716,2711,46.76,0,3,133.2,142.09,157.25,30539,32157,392589
01-12-2021,820,1185577,7373,48374,2546,46.76,0,3,134.96,143.53,162.39,26028,32356,407851
02-12-2021,835,1128774,7445,53945,2524,46.76,0,3,131.75,142.83,164.07,25848,30976,420910
03-12-2021,729,1053270,7354,50584,2520,46.76,0,3,156.36,170.5,213.19,23264,29811,388978
04-12-2021,741,871383,7207,42848,3778,46.76,0,3,148.99,176.28,247.35,26914,37798,464616
05-12-2021,836,1137998,7309,43992,3712,46.76,0,3,121.56,139.3,152.36,21955,27166,290165
06-12-2021,866,1122003,7416,51459,3087,46.76,0,3,126.91,136.66,144.09,19979,25012,329165
07-12-2021,938,1051987,7400,45691,2907,46.76,0,3,129.31,138.8,146.31,23512,28375,391050
08-12-2021,879,1278786,7418,51342,2797,46.76,0,3,132.9,139.13,160.49,21700,29437,414645
09-12-2021,942,1326438,7486,50867,2487,46.76,0,3,136.7,145.68,171.88,24039,33824,469479
10-12-2021,812,1196510,7438,58194,2545,46.76,0,3,154.38,167.11,208.65,22063,31962,428961
11-12-2021,784,1012792,7403,54073,3961,46.76,0,3,144.61,172.67,242.75,26291,38984,550253
12-12-2021,860,1259313,7525,48854,3761,46.76,0,3,115.66,136.65,155.25,23317,30195,397532
13-12-2021,907,1307252,7741,54661,3233,46.76,0,3,123.9,130.25,146.7,19671,29407,513722
14-12-2021,936,1319891,7738,59610,2922,46.76,0,3,127.96,129.68,152.03,34082,37888,656711
15-12-2021,936,1635922,7659,78610,2840,48.61,0,3,131.79,134.28,160.26,28067,38794,745183
16-12-2021,905,1598910,7674,88376,2790,48.61,0,3,131.18,131,161.31,32677,42497,861306
17-12-2021,868,1578141,7549,93045,2797,48.61,0,3,145.42,144.69,187.39,32890,42286,852521
18-12-2021,828,1406561,7481,90418,4207,48.61,0,3,131.75,152.17,208.96,38329,45898,940606
19-12-2021,1014,1468502,7636,82886,3942,48.61,0,3,109.35,116.83,139.72,33151,39904,846466
20-12-2021,1199,1491030,7878,91743,3407,48.61,0,3,123.86,118.13,151.6,39793,50938,897979
21-12-2021,1233,1490061,8088,90629,3262,48.61,0,3,123.48,112.61,149.73,39955,54085,968665
22-12-2021,1399,1648679,8306,109655,3105,48.61,0,3,125.31,109.13,144.98,39309,53154,840038
23-12-2021,1383,1623996,8332,119789,2861,48.61,0,3,125.61,103.35,138.43,32605,44046,605561
24-12-2021,1168,1614490,8569,122186,2591,48.61,0,3,92.58,75.85,99.14,10770,13968,169369
25-12-2021,1390,1197192,8367,121880,2937,48.61,0,3,42.03,40.25,39.17,955,917,10480
26-12-2021,1520,1277701,8781,119923,5273,48.61,0,3,78.33,84.85,78.82,1935,2084,22983
27-12-2021,,,,,,,,,,,,,,
28-12-2021,,,,,,,,,,,,,,
29-12-2021,,,,,,,,,,,,,,
30-12-2021,,,,,,,,,,,,,,
31-12-2021,,,,,,,,,,,,,,
01-01-2022,,,,,,,,,,,,,,
02-01-2022,,,,,,,,,,,,,,
